{"cameraMode":{"drawMode":0,"name":"Shaded","section":"Shading Mode"},"sceneLighting":true,"audioPlay":false,"sceneViewState":{"showFog":true,"showMaterialUpdate":false,"showSkybox":true,"showFlares":true,"showImageEffects":true,"showParticleSystems":true,"showVisualEffectGraphs":true,"m_FxEnabled":true},"in2DMode":false,"pivot":{"x":-5.690277576446533,"y":-0.29541683197021487,"z":6.282308578491211},"rotation":{"x":-0.031887657940387729,"y":0.9692021608352661,"z":-0.17860481142997743,"w":-0.16780801117420197},"size":5.893538475036621,"orthographic":false}