{"cameraMode":{"drawMode":0,"name":"Shaded","section":"Shading Mode"},"sceneLighting":true,"audioPlay":false,"sceneViewState":{"showFog":true,"showMaterialUpdate":false,"showSkybox":true,"showFlares":true,"showImageEffects":true,"showParticleSystems":true,"showVisualEffectGraphs":true,"m_FxEnabled":true},"in2DMode":false,"pivot":{"x":1.4367928504943848,"y":-1.1272315979003907,"z":9.205118179321289},"rotation":{"x":0.13229036331176759,"y":-0.7323505282402039,"z":0.14876790344715119,"w":0.6513211131095886},"size":2.9981064796447756,"orthographic":false}