{"cameraMode":{"drawMode":0,"name":"Shaded","section":"Shading Mode"},"sceneLighting":true,"audioPlay":false,"sceneViewState":{"showFog":true,"showMaterialUpdate":false,"showSkybox":true,"showFlares":true,"showImageEffects":true,"showParticleSystems":true,"showVisualEffectGraphs":true,"m_FxEnabled":true},"in2DMode":false,"pivot":{"x":691.1717529296875,"y":418.12261962890627,"z":-137.99298095703126},"rotation":{"x":0.11010827869176865,"y":0.16798897087574006,"z":-0.018663888797163965,"w":0.979576587677002},"size":362.8609619140625,"orthographic":false}