{"cameraMode":{"drawMode":0,"name":"Shaded","section":"Shading Mode"},"sceneLighting":true,"audioPlay":false,"sceneViewState":{"showFog":true,"showMaterialUpdate":false,"showSkybox":true,"showFlares":true,"showImageEffects":true,"showParticleSystems":true,"showVisualEffectGraphs":true,"m_FxEnabled":true},"in2DMode":false,"pivot":{"x":-0.6174976825714111,"y":0.3412284851074219,"z":7.1355133056640629},"rotation":{"x":0.10576425492763519,"y":-0.7812371253967285,"z":0.1381981372833252,"w":0.5996580123901367},"size":1.6600396633148194,"orthographic":false}