{"cameraMode":{"drawMode":0,"name":"Shaded","section":"Shading Mode"},"sceneLighting":true,"audioPlay":false,"sceneViewState":{"showFog":true,"showMaterialUpdate":false,"showSkybox":true,"showFlares":true,"showImageEffects":true,"showParticleSystems":true,"showVisualEffectGraphs":true,"m_FxEnabled":true},"in2DMode":false,"pivot":{"x":805.7918701171875,"y":654.3308715820313,"z":-158.3363037109375},"rotation":{"x":0.026372607797384263,"y":0.052785102277994159,"z":-0.0011736067244783044,"w":0.9983891248703003},"size":434.2252197265625,"orthographic":false}