{"cameraMode":{"drawMode":0,"name":"Shaded","section":"Shading Mode"},"sceneLighting":true,"audioPlay":false,"sceneViewState":{"showFog":true,"showMaterialUpdate":false,"showSkybox":true,"showFlares":true,"showImageEffects":true,"showParticleSystems":true,"showVisualEffectGraphs":true,"m_FxEnabled":true},"in2DMode":false,"pivot":{"x":4.50724983215332,"y":0.18953514099121095,"z":10.155068397521973},"rotation":{"x":0.12787200510501862,"y":-0.6241419315338135,"z":0.10450153052806854,"w":0.7636858224868774},"size":3.3509814739227297,"orthographic":false}