{"cameraMode":{"drawMode":0,"name":"Shaded","section":"Shading Mode"},"sceneLighting":true,"audioPlay":false,"sceneViewState":{"showFog":true,"showMaterialUpdate":false,"showSkybox":true,"showFlares":true,"showImageEffects":true,"showParticleSystems":true,"showVisualEffectGraphs":true,"m_FxEnabled":true},"in2DMode":false,"pivot":{"x":252.8015594482422,"y":74.91864013671875,"z":60.379486083984378},"rotation":{"x":0.039874132722616199,"y":-0.02515670657157898,"z":0.0012093223631381989,"w":0.999017596244812},"size":84.49276733398438,"orthographic":false}