{"cameraMode":{"drawMode":0,"name":"Shaded","section":"Shading Mode"},"sceneLighting":true,"audioPlay":false,"sceneViewState":{"showFog":true,"showMaterialUpdate":false,"showSkybox":true,"showFlares":true,"showImageEffects":true,"showParticleSystems":true,"showVisualEffectGraphs":true,"m_FxEnabled":true},"in2DMode":false,"pivot":{"x":15.462106704711914,"y":-0.14612090587615968,"z":7.770899772644043},"rotation":{"x":0.05079581215977669,"y":0.9251881241798401,"z":-0.13358299434185029,"w":0.35172733664512637},"size":3.6961612701416017,"orthographic":false}