{"cameraMode":{"drawMode":0,"name":"Shaded","section":"Shading Mode"},"sceneLighting":true,"audioPlay":false,"sceneViewState":{"showFog":true,"showMaterialUpdate":false,"showSkybox":true,"showFlares":true,"showImageEffects":true,"showParticleSystems":true,"showVisualEffectGraphs":true,"m_FxEnabled":true},"in2DMode":false,"pivot":{"x":1337.1580810546875,"y":53.796356201171878,"z":-54.393524169921878},"rotation":{"x":0.05178011581301689,"y":0.06619633734226227,"z":-0.003229880705475807,"w":0.996577262878418},"size":130.76409912109376,"orthographic":false}